{"cameraMode":{"drawMode":0,"name":"Shaded","section":"Shading Mode"},"sceneLighting":true,"audioPlay":false,"sceneViewState":{"showFog":true,"showMaterialUpdate":false,"showSkybox":true,"showFlares":true,"showImageEffects":true,"showParticleSystems":true},"in2DMode":false,"pivot":{"x":-4.421075820922852,"y":1.1951597929000855,"z":-0.0013937950134277344},"rotation":{"x":0.08844291418790817,"y":0.5552715063095093,"z":-0.05952750891447067,"w":0.8248504996299744},"size":3.8159396648406984,"orthographic":false}